aw_deep_link,description,product_name,aw_image_url,search_price,merchant_name,display_price,brand_name,colour,rrp_price,category_name,aw_product_id,merchant_product_id,merchant_image_url,merchant_category
https://www.awin1.com/pclick.php?p=5784854767&a=305691&m=2606,Nike Air Max Zero Trainers have a bootie inspired construction and sock like upper. The visible Max Air unit delivers a lightweight cushioned experience. 857661004,Nike Womens Air Max Zero Trainers Black/Black/Ivory,https://images2.productserve.com/?w=200&h=200&bg=white&trim=5&t=letterbox&url=ssl%3Aresources.mandmdirect.com%2FImages%2F_default%2Fn%2Fk%2F1%2Fnk12076_1_large.jpg&feedId=2606&k=e4e65fdaf35c66a8319724c9827680d6bb1ff0fc,53.95,M and M Direct IE,GBP53.95,Nike,,119.95,Womens Footwear,5784854767,NK12076,https://resources.mandmdirect.com/Images/_default/n/k/1/nk12076_1_large.jpg,Womens|Trainers|Trainers
https://www.awin1.com/pclick.php?p=12449351441&a=305691&m=2606,Nike slip-on trainers with a breathable Flyknit upper and a synthetic midfoot strap for support.,Nike Womens City Knife 3 Flyknit Trainers Racer Blue/Black,https://images2.productserve.com/?w=200&h=200&bg=white&trim=5&t=letterbox&url=ssl%3Aresources.mandmdirect.com%2FImages%2F_default%2Fn%2Fk%2F1%2Fnk12250_1_large.jpg&feedId=2606&k=73f5366545dee94137f015221a9e82fcd1df30c2,77.95,M and M Direct IE,GBP77.95,Nike,,143.95,Womens Footwear,12449351441,NK12250,https://resources.mandmdirect.com/Images/_default/n/k/1/nk12250_1_large.jpg,Womens|Trainers|Trainers
https://www.awin1.com/pclick.php?p=12449351437&a=305691&m=2606,Nike Air Zoom lace-up trainers that delivery lightweight  performance-inspired comfort in a sleek  everyday style.,Nike Mens Air Zoom LWP 16 SP Trainers Midnight Navy/Dark Obsidian,https://images2.productserve.com/?w=200&h=200&bg=white&trim=5&t=letterbox&url=ssl%3Aresources.mandmdirect.com%2FImages%2F_default%2Fn%2Fk%2F1%2Fnk12241_1_large.jpg&feedId=2606&k=0d237e1e5308e80d66f5f62b77bafd8c8a1ad461,71.95,M and M Direct IE,GBP71.95,Nike,,143.95,Mens Footwear,12449351437,NK12241,https://resources.mandmdirect.com/Images/_default/n/k/1/nk12241_1_large.jpg,Mens|Trainers|Trainers
https://www.awin1.com/pclick.php?p=12449378951&a=305691&m=2606,Nike lace-up trainers featuring sleek details and visible Max Air for all-day comfort.,Nike Womens Air Max Jewell Premium Trainers Pure Platinum/Metallic Silver/White/Pure Platinum,https://images2.productserve.com/?w=200&h=200&bg=white&trim=5&t=letterbox&url=ssl%3Aresources.mandmdirect.com%2FImages%2F_default%2Fn%2Fk%2F1%2Fnk12214_1_large.jpg&feedId=2606&k=0dbde66b80e9b4f589e24264f4047174b964589c,71.95,M and M Direct IE,GBP71.95,Nike,,101.95,Womens Footwear,12449378951,NK12214,https://resources.mandmdirect.com/Images/_default/n/k/1/nk12214_1_large.jpg,Womens|Trainers|Trainers
https://www.awin1.com/pclick.php?p=10204057015&a=305691&m=2606,Nike Air Unlimited hi-top trainers with adjustable velcro straps to provide a personal fit. 881204400,Nike Womens Air Unlimited Trainers Binary Blue/White/Gum,https://images2.productserve.com/?w=200&h=200&bg=white&trim=5&t=letterbox&url=ssl%3Aresources.mandmdirect.com%2FImages%2F_default%2Fn%2Fk%2F1%2Fnk12132_1_large.jpg&feedId=2606&k=d78e95e4c565c1ee505094b6af0e4bb970dc68d3,77.95,M and M Direct IE,GBP77.95,Nike,,149.95,Womens Footwear,10204057015,NK12132,https://resources.mandmdirect.com/Images/_default/n/k/1/nk12132_1_large.jpg,Womens|Trainers|Hi-Tops
https://www.awin1.com/pclick.php?p=3850801201&a=305691&m=2606,Nike slip-on trainers with a soft upper that surrounds your foot in comfort and just enough structure to add stability  with an adjustable midfoot strap provides a locked-down feel.,Nike Womens Sock Dart Premium Trainers Paramount Blue/White/Black,https://images2.productserve.com/?w=200&h=200&bg=white&trim=5&t=letterbox&url=ssl%3Aresources.mandmdirect.com%2FImages%2F_default%2Fn%2Fk%2F1%2Fnk12072_1_large.jpg&feedId=2606&k=d30f80ceede6fa3c6cacf9ffcc456e5668d144a8,51.95,M and M Direct IE,GBP51.95,Nike,,119.95,Womens Footwear,3850801201,NK12072,https://resources.mandmdirect.com/Images/_default/n/k/1/nk12072_1_large.jpg,Womens|Trainers|Trainers
https://www.awin1.com/pclick.php?p=3850801209&a=305691&m=2606,Nike slip-on trainers with a soft upper that surrounds your foot in comfort and just enough structure to add stability  with an adjustable midfoot strap provides a locked-down feel.,Nike Womens Sock Dart Premium Trainers Max Orange/White/Black,https://images2.productserve.com/?w=200&h=200&bg=white&trim=5&t=letterbox&url=ssl%3Aresources.mandmdirect.com%2FImages%2F_default%2Fn%2Fk%2F1%2Fnk12074_1_large.jpg&feedId=2606&k=aa8dd2d25baf43595a727eba58ca290045d27547,51.95,M and M Direct IE,GBP51.95,Nike,,119.95,Womens Footwear,3850801209,NK12074,https://resources.mandmdirect.com/Images/_default/n/k/1/nk12074_1_large.jpg,Womens|Trainers|Trainers
https://www.awin1.com/pclick.php?p=3850801211&a=305691&m=2606,Nike Air Zoom trainers ideal for everyday comfort. Complete with moulded leather fingers which integrate with the laces.,Nike Mens Air Zoom Spirimic Trainers Team Red,https://images2.productserve.com/?w=200&h=200&bg=white&trim=5&t=letterbox&url=ssl%3Aresources.mandmdirect.com%2FImages%2F_default%2Fn%2Fk%2F1%2Fnk11989_1_large.jpg&feedId=2606&k=1fbe4a638f15900111b641deb75ada3252b6e5c9,63.95,M and M Direct IE,GBP63.95,Nike,,167.95,Mens Footwear,3850801211,NK11989,https://resources.mandmdirect.com/Images/_default/n/k/1/nk11989_1_large.jpg,Mens|Trainers|Trainers
https://www.awin1.com/pclick.php?p=3872546675&a=305691&m=2606,Nike Mayfly suede trainers with a two-tone upper and soft Phylon foam underfoot. 816548100,Nike Mens Mayfly Leather Premium Trainers Off White/Smokey Blue,https://images2.productserve.com/?w=200&h=200&bg=white&trim=5&t=letterbox&url=ssl%3Aresources.mandmdirect.com%2FImages%2F_default%2Fn%2Fk%2F1%2Fnk12044_1_large.jpg&feedId=2606&k=d22beebc10e08695543245ae742bc279ab152218,51.95,M and M Direct IE,GBP51.95,Nike,,107.95,Mens Footwear,3872546675,NK12044,https://resources.mandmdirect.com/Images/_default/n/k/1/nk12044_1_large.jpg,Mens|Trainers|Trainers
https://www.awin1.com/pclick.php?p=3850801195&a=305691&m=2606,Nike slip-on trainers  built to beat bad weather featuring an innovative upper that deflects rain  holds in heat and stretches with every step. 881186001,Nike Womens Sock Dart Premium Trainers Black/White,https://images2.productserve.com/?w=200&h=200&bg=white&trim=5&t=letterbox&url=ssl%3Aresources.mandmdirect.com%2FImages%2F_default%2Fn%2Fk%2F1%2Fnk12070_1_large.jpg&feedId=2606&k=b8cb536227223d35176b42a2a60d35854c8efe90,53.95,M and M Direct IE,GBP53.95,Nike,,119.95,Womens Footwear,3850801195,NK12070,https://resources.mandmdirect.com/Images/_default/n/k/1/nk12070_1_large.jpg,Womens|Trainers|Trainers
https://www.awin1.com/pclick.php?p=3850801197&a=305691&m=2606,Nike Air Zoom trainers ideal for everyday comfort. Complete with moulded leather fingers which integrate with the laces. 881983401,Nike Mens Air Zoom Spirimic Trainers Loyal Blue,https://images2.productserve.com/?w=200&h=200&bg=white&trim=5&t=letterbox&url=ssl%3Aresources.mandmdirect.com%2FImages%2F_default%2Fn%2Fk%2F1%2Fnk11988_1_large.jpg&feedId=2606&k=72f2e2da38845a24c4139da69b5d20a1df1bfef4,67.95,M and M Direct IE,GBP67.95,Nike,,167.95,Mens Footwear,3850801197,NK11988,https://resources.mandmdirect.com/Images/_default/n/k/1/nk11988_1_large.jpg,Mens|Trainers|Trainers
https://www.awin1.com/pclick.php?p=5784978137&a=305691&m=2606,Nike Air Max Zero Trainers have a bootie inspired construction and sock like upper. The visible Max Air unit delivers a lightweight cushioned experience.,Nike Womens Air Max Zero Trainers Glacier Blue/Black/Ivory/Palm Green,https://images2.productserve.com/?w=200&h=200&bg=white&trim=5&t=letterbox&url=ssl%3Aresources.mandmdirect.com%2FImages%2F_default%2Fn%2Fk%2F1%2Fnk12127_1_large.jpg&feedId=2606&k=1a9137e0b66202279804332ca72ede25c6194539,59.95,M and M Direct IE,GBP59.95,Nike,,119.95,Womens Footwear,5784978137,NK12127,https://resources.mandmdirect.com/Images/_default/n/k/1/nk12127_1_large.jpg,Womens|Trainers|Trainers
https://www.awin1.com/pclick.php?p=10204057003&a=305691&m=2606,Nike Air Footscape trainers promoting natural motion and breathability. 913929001,Nike Mens Air Footscape Woven Chukka QS Trainers Anthracite/White/Black,https://images2.productserve.com/?w=200&h=200&bg=white&trim=5&t=letterbox&url=ssl%3Aresources.mandmdirect.com%2FImages%2F_default%2Fn%2Fk%2F1%2Fnk12103_1_large.jpg&feedId=2606&k=457e8decb9bc1d42eb94699cdc5f66804d489f91,107.95,M and M Direct IE,GBP107.95,Nike,,173.95,Mens Footwear,10204057003,NK12103,https://resources.mandmdirect.com/Images/_default/n/k/1/nk12103_1_large.jpg,Mens|Trainers|Trainers
https://www.awin1.com/pclick.php?p=10204057033&a=305691&m=2606,Nike Air Max lace-up trainers with full-length Max Air cushioning for complete comfort. 896495100,Nike Womens Air Max LD Zero Trainers White,https://images2.productserve.com/?w=200&h=200&bg=white&trim=5&t=letterbox&url=ssl%3Aresources.mandmdirect.com%2FImages%2F_default%2Fn%2Fk%2F1%2Fnk12121_1_large.jpg&feedId=2606&k=a3d4c35a5a122905ee2a3243e5c65bd44e722a56,107.95,M and M Direct IE,GBP107.95,Nike,,161.95,Womens Footwear,10204057033,NK12121,https://resources.mandmdirect.com/Images/_default/n/k/1/nk12121_1_large.jpg,Womens|Trainers|Trainers
https://www.awin1.com/pclick.php?p=12449378957&a=305691&m=2606,Nike extremely lightweight low profile running shoes with a Flyknit upper  designed to feel natural and weightless  similar to bare feet.,Nike Womens Gyakusou Free RN Flyknit 2017 Trainers Black/Sail/Black,https://images2.productserve.com/?w=200&h=200&bg=white&trim=5&t=letterbox&url=ssl%3Aresources.mandmdirect.com%2FImages%2F_default%2Fn%2Fk%2F1%2Fnk12257_1_large.jpg&feedId=2606&k=9e2ea82d01ad8d5b35b8d876de8997a4f21d98a7,95.95,M and M Direct IE,GBP95.95,Nike,,131.95,Womens Footwear,12449378957,NK12257,https://resources.mandmdirect.com/Images/_default/n/k/1/nk12257_1_large.jpg,Womens|Trainers|Trainers
https://www.awin1.com/pclick.php?p=12449378959&a=305691&m=2606,Nike Air Max 90 lace-less trainers.,Nike Womens Air Max 90 Ultra 2.0 Ease Trainers Black/White,https://images2.productserve.com/?w=200&h=200&bg=white&trim=5&t=letterbox&url=ssl%3Aresources.mandmdirect.com%2FImages%2F_default%2Fn%2Fk%2F1%2Fnk12208_1_large.jpg&feedId=2606&k=18d53f0c366478f3a5b5b798c829fccadff893c2,83.95,M and M Direct IE,GBP83.95,Nike,,143.95,Womens Footwear,12449378959,NK12208,https://resources.mandmdirect.com/Images/_default/n/k/1/nk12208_1_large.jpg,Womens|Trainers|Trainers
https://www.awin1.com/pclick.php?p=5784978133&a=305691&m=2606,Nike Air Max Zero Trainers have a bootie inspired construction and sock like upper. The visible Max Air unit delivers a lightweight cushioned experience.,Nike Womens Air Max Zero Si Trainers Glacier Blue/Legion Green/White/Black,https://images2.productserve.com/?w=200&h=200&bg=white&trim=5&t=letterbox&url=ssl%3Aresources.mandmdirect.com%2FImages%2F_default%2Fn%2Fk%2F1%2Fnk12129_1_large.jpg&feedId=2606&k=fd0a67769fd1fc7be838efac1b23e5469ef263e6,71.95,M and M Direct IE,GBP71.95,Nike,,131.95,Womens Footwear,5784978133,NK12129,https://resources.mandmdirect.com/Images/_default/n/k/1/nk12129_1_large.jpg,Womens|Trainers|Trainers
https://www.awin1.com/pclick.php?p=3670305453&a=305691&m=2606,Nike lightweight crossfit training gloves designed for agility and speed during cross-training exercises.,Nike Mens Lunatic Crossfit Training Gloves Black/Anthracite/Total Crimson,https://images2.productserve.com/?w=200&h=200&bg=white&trim=5&t=letterbox&url=ssl%3Aresources.mandmdirect.com%2FImages%2F_default%2Fn%2Fk%2F1%2Fnk11847_1_large.jpg&feedId=2606&k=7cdf7bdab522a87c04fc6f80591f40924597ac7a,16.95,M and M Direct IE,GBP16.95,Nike,,35.95,Mens Sportswear,3670305453,NK11847,https://resources.mandmdirect.com/Images/_default/n/k/1/nk11847_1_large.jpg,Mens|Sports Accessories|Gloves
https://www.awin1.com/pclick.php?p=3670305467&a=305691&m=2606,Nike portable push up grips helps to strengthen your chest  triceps and shoulders.,Nike Mens Push Up Grips 2.0 Grey/Black/Bright Crimson,https://images2.productserve.com/?w=200&h=200&bg=white&trim=5&t=letterbox&url=ssl%3Aresources.mandmdirect.com%2FImages%2F_default%2Fn%2Fk%2F1%2Fnk11851_1_large.jpg&feedId=2606&k=1f6268e02fbcab99cca2dd2a68e65260794e4ea2,11.95,M and M Direct IE,GBP11.95,Nike,,23.95,Mens Sportswear,3670305467,NK11851,https://resources.mandmdirect.com/Images/_default/n/k/1/nk11851_1_large.jpg,Mens|Sports Accessories|Gym Equipment
https://www.awin1.com/pclick.php?p=3670305473&a=305691&m=2606,Nike weight training gloves featuring perforated mesh to help keep your hands cool and an adjustable strap for a secure fit.,Nike Mens Core Lock Weight Training Gloves Flint Grey/Black/Game Royal,https://images2.productserve.com/?w=200&h=200&bg=white&trim=5&t=letterbox&url=ssl%3Aresources.mandmdirect.com%2FImages%2F_default%2Fn%2Fk%2F1%2Fnk11848_1_large.jpg&feedId=2606&k=1490140d0bb8cc4ab5028416d3001a6fee99e620,9.95,M and M Direct IE,GBP9.95,Nike,,17.95,Mens Sportswear,3670305473,NK11848,https://resources.mandmdirect.com/Images/_default/n/k/1/nk11848_1_large.jpg,Mens|Sports Accessories|Gloves
https://www.awin1.com/pclick.php?p=3670305501&a=305691&m=2606,Nike ankle sleeve.,Nike Mens Pro Ankle Sleeve 2.0 Compression Support Black/White,https://images2.productserve.com/?w=200&h=200&bg=white&trim=5&t=letterbox&url=ssl%3Aresources.mandmdirect.com%2FImages%2F_default%2Fn%2Fk%2F1%2Fnk11862_1_large.jpg&feedId=2606&k=ae136d22aa2aa38cb508f85eb377ec0f22c1d157,8.95,M and M Direct IE,GBP8.95,Nike,,11.95,Mens Sportswear,3670305501,NK11862,https://resources.mandmdirect.com/Images/_default/n/k/1/nk11862_1_large.jpg,Mens|Sports Accessories|Gym Equipment
https://www.awin1.com/pclick.php?p=3670305503&a=305691&m=2606,Nike thigh sleeve.,Nike Mens Pro Thigh Sleeve 2.0 Compression Support Black/White,https://images2.productserve.com/?w=200&h=200&bg=white&trim=5&t=letterbox&url=ssl%3Aresources.mandmdirect.com%2FImages%2F_default%2Fn%2Fk%2F1%2Fnk11860_1_large.jpg&feedId=2606&k=9ea0d6b62fb3936f65ae8e1f0b0a6721acb38432,10.95,M and M Direct IE,GBP10.95,Nike,,17.95,Mens Sportswear,3670305503,NK11860,https://resources.mandmdirect.com/Images/_default/n/k/1/nk11860_1_large.jpg,Mens|Sports Accessories|Gym Equipment
https://www.awin1.com/pclick.php?p=3670305509&a=305691&m=2606,Nike lightweight running armband featuring a clear durable window to keep your phone accessible and protected during your workout. Compatible with most smartphones including the Apple iPhone 6s (but not the 6 plus). Window measures 13x7cm approx.,Nike Mens Lightweight Running Arm Band 2.0 Black/Silver,https://images2.productserve.com/?w=200&h=200&bg=white&trim=5&t=letterbox&url=ssl%3Aresources.mandmdirect.com%2FImages%2F_default%2Fn%2Fk%2F1%2Fnk11838_1_large.jpg&feedId=2606&k=2af3834a38136a7b356655a1ce8569a274ff9667,14.95,M and M Direct IE,GBP14.95,Nike,,23.95,Mens Sportswear,3670305509,NK11838,https://resources.mandmdirect.com/Images/_default/n/k/1/nk11838_1_large.jpg,Mens|Sports Accessories|Gym Equipment
https://www.awin1.com/pclick.php?p=3872546667&a=305691&m=2606,Nike Air Unlimited hi-top trainers with adjustable velcro straps to provide a personal fit. 881204001,Nike Womens Air Unlimited Trainers Black/White/Gum/Light Brown,https://images2.productserve.com/?w=200&h=200&bg=white&trim=5&t=letterbox&url=ssl%3Aresources.mandmdirect.com%2FImages%2F_default%2Fn%2Fk%2F1%2Fnk11983_1_large.jpg&feedId=2606&k=1213ec8ac930291af88750c44eb2333d94c70648,63.95,M and M Direct IE,GBP63.95,Nike,,149.95,Womens Footwear,3872546667,NK11983,https://resources.mandmdirect.com/Images/_default/n/k/1/nk11983_1_large.jpg,Womens|Trainers|Trainers
https://www.awin1.com/pclick.php?p=10204057005&a=305691&m=2606,Nike Air Footscape mid-cut trainers promoting natural motion and breathability. 913929002,Nike Mens Air Footscape Woven Chukka QS Trainers Light Bone/Summit White,https://images2.productserve.com/?w=200&h=200&bg=white&trim=5&t=letterbox&url=ssl%3Aresources.mandmdirect.com%2FImages%2F_default%2Fn%2Fk%2F1%2Fnk12104_1_large.jpg&feedId=2606&k=fc01433ba24add6b6fd25f71551b4289c873932b,107.95,M and M Direct IE,GBP107.95,Nike,,173.95,Mens Footwear,10204057005,NK12104,https://resources.mandmdirect.com/Images/_default/n/k/1/nk12104_1_large.jpg,Mens|Trainers|Trainers
https://www.awin1.com/pclick.php?p=10204057021&a=305691&m=2606,Nike Mayfly suede trainers with a two-tone upper and soft Phylon foam underfoot.  816548300,Nike Mens Mayfly Leather PRM Trainers Legion Green/Black/Light Bone,https://images2.productserve.com/?w=200&h=200&bg=white&trim=5&t=letterbox&url=ssl%3Aresources.mandmdirect.com%2FImages%2F_default%2Fn%2Fk%2F1%2Fnk12151_1_large.jpg&feedId=2606&k=51736dddfe41747e003c7c45674298ae9286f4b0,65.95,M and M Direct IE,GBP65.95,Nike,,107.95,Mens Footwear,10204057021,NK12151,https://resources.mandmdirect.com/Images/_default/n/k/1/nk12151_1_large.jpg,Mens|Trainers|Trainers
https://www.awin1.com/pclick.php?p=10362579541&a=305691&m=2606,Nike lace-up trainers with Flyknit fabric to allow a natural snug fit that flexes with every movement.  81175600,Nike Womens Air Max Thea Flyknit Trainers Black/Bright Crimson/White/Wolf Grey,https://images2.productserve.com/?w=200&h=200&bg=white&trim=5&t=letterbox&url=ssl%3Aresources.mandmdirect.com%2FImages%2F_default%2Fn%2Fk%2F1%2Fnk12124_1_large.jpg&feedId=2606&k=829542c9c4fb4bd19766ab4e6904ddb751bfe47c,101.95,M and M Direct IE,GBP101.95,Nike,,131.95,Womens Footwear,10362579541,NK12124,https://resources.mandmdirect.com/Images/_default/n/k/1/nk12124_1_large.jpg,Womens|Trainers|Trainers
https://www.awin1.com/pclick.php?p=5784978081&a=305691&m=2606,Nike slip-on trainers with a soft upper that surrounds your foot in comfort and just enough structure to add stability.,Nike Womens Sock Dart SE Trainers Black/Blue Lagoon/White,https://images2.productserve.com/?w=200&h=200&bg=white&trim=5&t=letterbox&url=ssl%3Aresources.mandmdirect.com%2FImages%2F_default%2Fn%2Fk%2F1%2Fnk12077_1_large.jpg&feedId=2606&k=bdb9b207cb88115633ab1d25e88fd25b18a06506,65.95,M and M Direct IE,GBP65.95,Nike,,125.95,Womens Footwear,5784978081,NK12077,https://resources.mandmdirect.com/Images/_default/n/k/1/nk12077_1_large.jpg,Womens|Trainers|Trainers
https://www.awin1.com/pclick.php?p=5784978125&a=305691&m=2606,Nike Air Max Ultra 1 Ultra trainers with no-sew overlays for lightweight style. A special 30th anniversary edition.,Nike Womens Air Max 1 Ultra 2.0 Trainers White/Neutral Grey/Black/University Red,https://images2.productserve.com/?w=200&h=200&bg=white&trim=5&t=letterbox&url=ssl%3Aresources.mandmdirect.com%2FImages%2F_default%2Fn%2Fk%2F1%2Fnk12112_1_large.jpg&feedId=2606&k=64b4f0fa492c00f6f66681c4acc8e7d2d9ce5b0a,77.95,M and M Direct IE,GBP77.95,Nike,,137.95,Womens Footwear,5784978125,NK12112,https://resources.mandmdirect.com/Images/_default/n/k/1/nk12112_1_large.jpg,Womens|Trainers|Trainers
https://www.awin1.com/pclick.php?p=3671225075&a=305691&m=2606,Nike neck warmer.,Nike Mens Basic Neck Warmer Gaiter Black/White,https://images2.productserve.com/?w=200&h=200&bg=white&trim=5&t=letterbox&url=ssl%3Aresources.mandmdirect.com%2FImages%2F_default%2Fn%2Fk%2F1%2Fnk11864_1_large.jpg&feedId=2606&k=548437b2bef10d40391b5961ba36d2c4c80da3f5,8.95,M and M Direct IE,GBP8.95,Nike,,11.95,Mens Accessories,3671225075,NK11864,https://resources.mandmdirect.com/Images/_default/n/k/1/nk11864_1_large.jpg,Mens|Accessories|Scarves
https://www.awin1.com/pclick.php?p=3671225077&a=305691&m=2606,Nike neck warmer.,Nike Mens Basic Neck Warmer Gaiter Deep Royal Blue/Black,https://images2.productserve.com/?w=200&h=200&bg=white&trim=5&t=letterbox&url=ssl%3Aresources.mandmdirect.com%2FImages%2F_default%2Fn%2Fk%2F1%2Fnk11865_1_large.jpg&feedId=2606&k=524d4a92cc993cc77664e335b45a5390083eac97,8.95,M and M Direct IE,GBP8.95,Nike,,11.95,Mens Accessories,3671225077,NK11865,https://resources.mandmdirect.com/Images/_default/n/k/1/nk11865_1_large.jpg,Mens|Accessories|Scarves
https://www.awin1.com/pclick.php?p=5784978119&a=305691&m=2606,Nike lace-up mid cut trainers with Flyknit fabric to allow a natural snug fit that flexes with every movement and a one-piece construction,Nike Mens Lunarepic Flyknit Shield Trainers Black/Ocean Fog/Thunder Blue/Sail,https://images2.productserve.com/?w=200&h=200&bg=white&trim=5&t=letterbox&url=ssl%3Aresources.mandmdirect.com%2FImages%2F_default%2Fn%2Fk%2F1%2Fnk12148_1_large.jpg&feedId=2606&k=4f217f00eab769aa88fd3dae35d2e661db1f87cd,95.95,M and M Direct IE,GBP95.95,Nike,,203.95,Mens Footwear,5784978119,NK12148,https://resources.mandmdirect.com/Images/_default/n/k/1/nk12148_1_large.jpg,Mens|Trainers|Trainers
https://www.awin1.com/pclick.php?p=5784978121&a=305691&m=2606,Nike lace-up mid cut trainers with Flyknit fabric to allow a natural snug fit that flexes with every movement and a one-piece construction.,Nike Mens Lunarepic Flyknit Shield Trainers White/Black/Sail/Pale Grey,https://images2.productserve.com/?w=200&h=200&bg=white&trim=5&t=letterbox&url=ssl%3Aresources.mandmdirect.com%2FImages%2F_default%2Fn%2Fk%2F1%2Fnk12149_1_large.jpg&feedId=2606&k=14202902e3514254cce1cce12b5891dcd0119a23,91.95,M and M Direct IE,GBP91.95,Nike,,203.95,Mens Footwear,5784978121,NK12149,https://resources.mandmdirect.com/Images/_default/n/k/1/nk12149_1_large.jpg,Mens|Trainers|Trainers
https://www.awin1.com/pclick.php?p=3741090227&a=305691&m=2606,Nike brushback fleece over head hoody.,Nike Mens Fundamental Fleece Hoody Medium Grey Heather,https://images2.productserve.com/?w=200&h=200&bg=white&trim=5&t=letterbox&url=ssl%3Aresources.mandmdirect.com%2FImages%2F_default%2Fn%2Fk%2F1%2Fnk11964_1_large.jpg&feedId=2606&k=6e9dde9907f2dd9fa740f35459e6ee2da1faae3f,35.95,M and M Direct IE,GBP35.95,Nike,,51.95,Mens Clothing,3741090227,NK11964,https://resources.mandmdirect.com/Images/_default/n/k/1/nk11964_1_large.jpg,Mens|Hoodies And Sweatshirts|OTH Hoody
https://www.awin1.com/pclick.php?p=3741090229&a=305691&m=2606,Nike brushback fleece jersey cuffed sweat pants.,Nike Mens Fundamentals Cuffed Fleece Sweat Pants Medium Grey Heather,https://images2.productserve.com/?w=200&h=200&bg=white&trim=5&t=letterbox&url=ssl%3Aresources.mandmdirect.com%2FImages%2F_default%2Fn%2Fk%2F1%2Fnk11967_1_large.jpg&feedId=2606&k=d5e26a0c46084220bf3719e6360e0a12e12ae248,29.95,M and M Direct IE,GBP29.95,Nike,,41.95,Mens Sportswear,3741090229,NK11967,https://resources.mandmdirect.com/Images/_default/n/k/1/nk11967_1_large.jpg,Mens|Joggers|Joggers
https://www.awin1.com/pclick.php?p=3741090231&a=305691&m=2606,Nike brushback fleece cuffed sweat pants.,Nike Mens Fundamentals Cuffed Fleece Sweat Pants Black,https://images2.productserve.com/?w=200&h=200&bg=white&trim=5&t=letterbox&url=ssl%3Aresources.mandmdirect.com%2FImages%2F_default%2Fn%2Fk%2F1%2Fnk11966_1_large.jpg&feedId=2606&k=7957c1948065af5322d4df8c96260f5d92aaafc5,29.95,M and M Direct IE,GBP29.95,Nike,,41.95,Mens Sportswear,3741090231,NK11966,https://resources.mandmdirect.com/Images/_default/n/k/1/nk11966_1_large.jpg,Mens|Joggers|Joggers
https://www.awin1.com/pclick.php?p=3741090235&a=305691&m=2606,Nike brushback fleece cuffed sweatpants.,Nike Mens Fundamentals Cuffed Fleece Sweat Pants Navy,https://images2.productserve.com/?w=200&h=200&bg=white&trim=5&t=letterbox&url=ssl%3Aresources.mandmdirect.com%2FImages%2F_default%2Fn%2Fk%2F1%2Fnk11968_1_large.jpg&feedId=2606&k=4edf7c2b2f1e2a2580c3772b58da0e21a2df6b1a,29.95,M and M Direct IE,GBP29.95,Nike,,41.95,Mens Sportswear,3741090235,NK11968,https://resources.mandmdirect.com/Images/_default/n/k/1/nk11968_1_large.jpg,Mens|Joggers|Joggers
https://www.awin1.com/pclick.php?p=10204057029&a=305691&m=2606,Nike Zoom Rev basketball trainers with Nike Zoom Air Unit to which provides responsive impact protection. 852422011,Nike Mens Zoom Rev Trainers Cool Grey/Dark Grey/White,https://images2.productserve.com/?w=200&h=200&bg=white&trim=5&t=letterbox&url=ssl%3Aresources.mandmdirect.com%2FImages%2F_default%2Fn%2Fk%2F1%2Fnk12158_1_large.jpg&feedId=2606&k=c98e6f30ba22ba419f8190dcfd2f9161739127de,71.95,M and M Direct IE,GBP71.95,Nike,,107.95,Mens Footwear,10204057029,NK12158,https://resources.mandmdirect.com/Images/_default/n/k/1/nk12158_1_large.jpg,Mens|Trainers|Trainers
https://www.awin1.com/pclick.php?p=10752978405&a=305691&m=2606,Nike lace-up trainers featuring sleek details and visible Max Air for all-day comfort.,Nike Womens Air Max Jewell Metallic Gold Qs Trainers Metallic Gold/Metallic Gold/Varsity Red,https://images2.productserve.com/?w=200&h=200&bg=white&trim=5&t=letterbox&url=ssl%3Aresources.mandmdirect.com%2FImages%2F_default%2Fn%2Fk%2F1%2Fnk12213_1_large.jpg&feedId=2606&k=2726de860e4a701e5c18d821268b493cdabb8688,83.95,M and M Direct IE,GBP83.95,Nike,,107.95,Womens Footwear,10752978405,NK12213,https://resources.mandmdirect.com/Images/_default/n/k/1/nk12213_1_large.jpg,Womens|Trainers|Trainers
https://www.awin1.com/pclick.php?p=10752978407&a=305691&m=2606,Nike featherweight form-fitting trainers with a breathable Flyknit upper which wraps your foot for a flexable  snug fit.,Nike Womens Air Sock Racer Ultra Flyknit Trainers Racer Pink/Black/White,https://images2.productserve.com/?w=200&h=200&bg=white&trim=5&t=letterbox&url=ssl%3Aresources.mandmdirect.com%2FImages%2F_default%2Fn%2Fk%2F1%2Fnk12236_1_large.jpg&feedId=2606&k=eedec37dd7c5033f25fa9c050c8346d8822c1484,65.95,M and M Direct IE,GBP65.95,Nike,,113.95,Womens Footwear,10752978407,NK12236,https://resources.mandmdirect.com/Images/_default/n/k/1/nk12236_1_large.jpg,Womens|Trainers|Trainers
https://www.awin1.com/pclick.php?p=10752978409&a=305691&m=2606,Nike Air Max Uptempo 94 hi-top trainers with Air Max cushioning to the heel offering the stability and lightweight cushioning that made the original a basketball staple.,Nike Mens Air Max 2 Uptempo 94 Trainers White/White/White,https://images2.productserve.com/?w=200&h=200&bg=white&trim=5&t=letterbox&url=ssl%3Aresources.mandmdirect.com%2FImages%2F_default%2Fn%2Fk%2F1%2Fnk12199_1_large.jpg&feedId=2606&k=fe20ac77473c632fff74a3438d228da9a6740f98,83.95,M and M Direct IE,GBP83.95,Nike,,137.95,Mens Footwear,10752978409,NK12199,https://resources.mandmdirect.com/Images/_default/n/k/1/nk12199_1_large.jpg,Mens|Trainers|Trainers
https://www.awin1.com/pclick.php?p=10752978413&a=305691&m=2606,Nike slip-on trainers with an engineered knit upper that stretches to deliver a sock-like fit  while its adjustable midfoot strap provides a locked-down feel.,Nike Womens Sock Dart Breathe Trainers White/White/Glacier Blue,https://images2.productserve.com/?w=200&h=200&bg=white&trim=5&t=letterbox&url=ssl%3Aresources.mandmdirect.com%2FImages%2F_default%2Fn%2Fk%2F1%2Fnk12276_1_large.jpg&feedId=2606&k=9323b85b3bf3edf94b26ea603668b00b5d5054a2,65.95,M and M Direct IE,GBP65.95,Nike,,119.95,Womens Footwear,10752978413,NK12276,https://resources.mandmdirect.com/Images/_default/n/k/1/nk12276_1_large.jpg,Womens|Trainers|Trainers
https://www.awin1.com/pclick.php?p=10752978415&a=305691&m=2606,Nike slip-on mid-cut trainers with a single seam Flyknit upper providing a sock-like fit which provides both stretch and support.,Nike Womens Gyakusou Free RN Motion Flyknit 2017 Trainers Sail/Black/Sail,https://images2.productserve.com/?w=200&h=200&bg=white&trim=5&t=letterbox&url=ssl%3Aresources.mandmdirect.com%2FImages%2F_default%2Fn%2Fk%2F1%2Fnk12258_1_large.jpg&feedId=2606&k=0dec100d2f75d8876e0a521fccc62f92288e8b5d,101.95,M and M Direct IE,GBP101.95,Nike,,155.95,Womens Footwear,10752978415,NK12258,https://resources.mandmdirect.com/Images/_default/n/k/1/nk12258_1_large.jpg,Womens|Trainers|Trainers
https://www.awin1.com/pclick.php?p=10752978419&a=305691&m=2606,Nike Mayfly Lite trainers complete with a ripstop textile upper perfect for both durability and lightweight comfort. Designed to fold flat for easier storage.,Nike Mens Mayfly Lite Breathe Trainers White/Pure Platinum/White/White,https://images2.productserve.com/?w=200&h=200&bg=white&trim=5&t=letterbox&url=ssl%3Aresources.mandmdirect.com%2FImages%2F_default%2Fn%2Fk%2F1%2Fnk12266_1_large.jpg&feedId=2606&k=0e425484a214d95aec19ef80cf5927b45243b912,59.95,M and M Direct IE,GBP59.95,Nike,,95.95,Mens Footwear,10752978419,NK12266,https://resources.mandmdirect.com/Images/_default/n/k/1/nk12266_1_large.jpg,Mens|Trainers|Trainers
https://www.awin1.com/pclick.php?p=10752978423&a=305691&m=2606,Nike featherweight form-fitting trainers with a breathable Flyknit upper which wraps your foot for a flexable  snug fit.,Nike Womens Air Sock Racer Ultra Flyknit Trainers Yellow Strike/Black/White,https://images2.productserve.com/?w=200&h=200&bg=white&trim=5&t=letterbox&url=ssl%3Aresources.mandmdirect.com%2FImages%2F_default%2Fn%2Fk%2F1%2Fnk12235_1_large.jpg&feedId=2606&k=5f327b1255fd31b029ee5f61762f02632f294b90,59.95,M and M Direct IE,GBP59.95,Nike,,113.95,Womens Footwear,10752978423,NK12235,https://resources.mandmdirect.com/Images/_default/n/k/1/nk12235_1_large.jpg,Womens|Trainers|Trainers
https://www.awin1.com/pclick.php?p=12449378947&a=305691&m=2606,Nike lace-up trainers offer breathable comfort and promotes natural motion.,Nike Mens Air Footscape Woven Nm Trainers Binary Blue/Black/Team Royal,https://images2.productserve.com/?w=200&h=200&bg=white&trim=5&t=letterbox&url=ssl%3Aresources.mandmdirect.com%2FImages%2F_default%2Fn%2Fk%2F1%2Fnk12193_1_large.jpg&feedId=2606&k=549bedee1b83e782f3d231f1b9a897d65f488b4f,77.95,M and M Direct IE,GBP77.95,Nike,,143.95,Mens Footwear,12449378947,NK12193,https://resources.mandmdirect.com/Images/_default/n/k/1/nk12193_1_large.jpg,Mens|Trainers|Trainers
https://www.awin1.com/pclick.php?p=5784854769&a=305691&m=2606,Nike Air Max Zero Trainers have a bootie inspired construction and sock like upper. The visible Max Air unit delivers a lightweight cushioned experience. 857661103,Nike Womens Air Max Zero Trainers Light Orewood Brown/Oatmeal/White,https://images2.productserve.com/?w=200&h=200&bg=white&trim=5&t=letterbox&url=ssl%3Aresources.mandmdirect.com%2FImages%2F_default%2Fn%2Fk%2F1%2Fnk12078_1_large.jpg&feedId=2606&k=e13fcd6a508551f097a78176be53b365512e6cd9,83.95,M and M Direct IE,GBP83.95,Nike,,119.95,Womens Footwear,5784854769,NK12078,https://resources.mandmdirect.com/Images/_default/n/k/1/nk12078_1_large.jpg,Womens|Trainers|Trainers
https://www.awin1.com/pclick.php?p=5784854777&a=305691&m=2606,Nike leather trainers with an elastic strap and rubber cage on the heel that delivers a classic Huarache look. 881100001,Nike Womens Air Huarache Run Ultra Si Trainers Black/Black-Ivory,https://images2.productserve.com/?w=200&h=200&bg=white&trim=5&t=letterbox&url=ssl%3Aresources.mandmdirect.com%2FImages%2F_default%2Fn%2Fk%2F1%2Fnk12036_1_large.jpg&feedId=2606&k=652f968ec482c3fdfcef8679d5035cdea0f021f0,63.95,M and M Direct IE,GBP63.95,Nike,,131.95,Womens Footwear,5784854777,NK12036,https://resources.mandmdirect.com/Images/_default/n/k/1/nk12036_1_large.jpg,Womens|Trainers|Trainers
https://www.awin1.com/pclick.php?p=5784854801&a=305691&m=2606,Nike Air Unlimited hi-top trainers with adjustable velcro straps to provide a personal fit.,Nike Mens Air Unlimited Trainers Palm Green/Legion Green,https://images2.productserve.com/?w=200&h=200&bg=white&trim=5&t=letterbox&url=ssl%3Aresources.mandmdirect.com%2FImages%2F_default%2Fn%2Fk%2F1%2Fnk11981_1_large.jpg&feedId=2606&k=4d7f364617f8053799853235678150773ddc9eab,74.95,M and M Direct IE,GBP74.95,Nike,,149.95,Mens Footwear,5784854801,NK11981,https://resources.mandmdirect.com/Images/_default/n/k/1/nk11981_1_large.jpg,Mens|Trainers|Trainers
https://www.awin1.com/pclick.php?p=5784854807&a=305691&m=2606,Nike slip-on trainers with an engineered upper that stretches to deliver a sock-like fit  while its adjustable midfoot strap provides a locked-down feel.,Nike Mens Sock Dart SE Trainers Max Orange/Wolf Grey/Black,https://images2.productserve.com/?w=200&h=200&bg=white&trim=5&t=letterbox&url=ssl%3Aresources.mandmdirect.com%2FImages%2F_default%2Fn%2Fk%2F1%2Fnk12088_1_large.jpg&feedId=2606&k=4ccd7c7b550390a0ad2d49e2f9066562d1be04b7,59.95,M and M Direct IE,GBP59.95,Nike,,119.95,Mens Footwear,5784854807,NK12088,https://resources.mandmdirect.com/Images/_default/n/k/1/nk12088_1_large.jpg,Mens|Trainers|Trainers
https://www.awin1.com/pclick.php?p=5784978059&a=305691&m=2606,Nike Air Tech Challenge slip on trainers with an adjustable midfoot strap for a locked down feel.,Nike Womens Air Tech Challenge XVII Trainers Black/Anthracite,https://images2.productserve.com/?w=200&h=200&bg=white&trim=5&t=letterbox&url=ssl%3Aresources.mandmdirect.com%2FImages%2F_default%2Fn%2Fk%2F1%2Fnk11980_1_large.jpg&feedId=2606&k=d273f924b4ed82fe7ee4123bea8b9ad7699afc1e,71.95,M and M Direct IE,GBP71.95,Nike,,137.95,Womens Footwear,5784978059,NK11980,https://resources.mandmdirect.com/Images/_default/n/k/1/nk11980_1_large.jpg,Womens|Trainers|Trainers
https://www.awin1.com/pclick.php?p=5784978061&a=305691&m=2606,Nike slip-on trainers with an engineered knit upper that stretches to deliver a sock-like fit  while its adjustable midfoot strap provides a locked-down feel.,Nike Womens Sock Dart Trainers Linen/White/Black,https://images2.productserve.com/?w=200&h=200&bg=white&trim=5&t=letterbox&url=ssl%3Aresources.mandmdirect.com%2FImages%2F_default%2Fn%2Fk%2F1%2Fnk12059_1_large.jpg&feedId=2606&k=f0ff0ced5a0bf1317000f89b6e79320830695ed0,58.95,M and M Direct IE,GBP58.95,Nike,,125.95,Womens Footwear,5784978061,NK12059,https://resources.mandmdirect.com/Images/_default/n/k/1/nk12059_1_large.jpg,Womens|Trainers|Trainers
https://www.awin1.com/pclick.php?p=5784978087&a=305691&m=2606,Nike Air lightweight lace-up low profile trainers with a neoprene bootie construction. Featuring an Air sole unit for excellent cushioning.,Nike Womens Air Huarache Run Ultra Si Trainers Oatmeal/Oatmeal Ivory Metallic,https://images2.productserve.com/?w=200&h=200&bg=white&trim=5&t=letterbox&url=ssl%3Aresources.mandmdirect.com%2FImages%2F_default%2Fn%2Fk%2F1%2Fnk12038_1_large.jpg&feedId=2606&k=56687557e564d950294953044cbb637e74ccc3b5,79.95,M and M Direct IE,GBP79.95,Nike,,131.95,Womens Footwear,5784978087,NK12038,https://resources.mandmdirect.com/Images/_default/n/k/1/nk12038_1_large.jpg,Womens|Trainers|Trainers
https://www.awin1.com/pclick.php?p=5784978101&a=305691&m=2606,Nike lace-up trainers offer breathable comfort and promotes natural motion.,Nike Mens Air Footscape Woven Nm Trainers Desert Ochre/Gold Dart/Off White/Desert Ochre,https://images2.productserve.com/?w=200&h=200&bg=white&trim=5&t=letterbox&url=ssl%3Aresources.mandmdirect.com%2FImages%2F_default%2Fn%2Fk%2F1%2Fnk11991_1_large.jpg&feedId=2606&k=afecee8106f1138d8f08ff19cc441355dc62db83,74.95,M and M Direct IE,GBP74.95,Nike,,155.95,Mens Footwear,5784978101,NK11991,https://resources.mandmdirect.com/Images/_default/n/k/1/nk11991_1_large.jpg,Mens|Trainers|Trainers
https://www.awin1.com/pclick.php?p=5784978103&a=305691&m=2606,Nike Air Footscape trainers promoting natural motion and breathability.,Nike Mens Air Footscape Nm Trainers Black/Summit White/Dark Grey,https://images2.productserve.com/?w=200&h=200&bg=white&trim=5&t=letterbox&url=ssl%3Aresources.mandmdirect.com%2FImages%2F_default%2Fn%2Fk%2F1%2Fnk12101_1_large.jpg&feedId=2606&k=b6d1dc1a7021a363c0ac3b25246917b67e91e485,59.95,M and M Direct IE,GBP59.95,Nike,,131.95,Mens Footwear,5784978103,NK12101,https://resources.mandmdirect.com/Images/_default/n/k/1/nk12101_1_large.jpg,Mens|Trainers|Trainers
https://www.awin1.com/pclick.php?p=5784978105&a=305691&m=2606,Nike Air Footscape trainers promoting natural motion and breathability.,Nike Mens Air Footscape Nm Trainers Legion Green/Summit White/Black,https://images2.productserve.com/?w=200&h=200&bg=white&trim=5&t=letterbox&url=ssl%3Aresources.mandmdirect.com%2FImages%2F_default%2Fn%2Fk%2F1%2Fnk12102_1_large.jpg&feedId=2606&k=7d28db0808a0cb55cf57fc84c36c4e56dfd6da7a,65.95,M and M Direct IE,GBP65.95,Nike,,131.95,Mens Footwear,5784978105,NK12102,https://resources.mandmdirect.com/Images/_default/n/k/1/nk12102_1_large.jpg,Mens|Trainers|Trainers
https://www.awin1.com/pclick.php?p=5784978107&a=305691&m=2606,Nike Air Max Uptempo 94 hi-top trainers with Air Max cushioning to the heel offering the stability and lightweight cushioning that made the original a basketball staple.,Nike Mens Air Max 2 Uptempo 94 All Star QS Trainers University Blue/White,https://images2.productserve.com/?w=200&h=200&bg=white&trim=5&t=letterbox&url=ssl%3Aresources.mandmdirect.com%2FImages%2F_default%2Fn%2Fk%2F1%2Fnk12115_1_large.jpg&feedId=2606&k=0974b2a8ff4cc2d43a34f2a85bdc3911b1a2e152,65.95,M and M Direct IE,GBP65.95,Nike,,137.95,Mens Footwear,5784978107,NK12115,https://resources.mandmdirect.com/Images/_default/n/k/1/nk12115_1_large.jpg,Mens|Trainers|Trainers
https://www.awin1.com/pclick.php?p=5784978109&a=305691&m=2606,Nike Air Max Uptempo 95 hi-top trainers with a full-length Air-Sole unit offering the stability and lightweight cushioning that made the original a basketball staple.,Nike Mens Air Max Uptempo 95 All Star QS Trainers University Blue/White,https://images2.productserve.com/?w=200&h=200&bg=white&trim=5&t=letterbox&url=ssl%3Aresources.mandmdirect.com%2FImages%2F_default%2Fn%2Fk%2F1%2Fnk12125_1_large.jpg&feedId=2606&k=9278b2532c71a1c61e45921a0e5cbb8e774ec9fd,71.95,M and M Direct IE,GBP71.95,Nike,,149.95,Mens Footwear,5784978109,NK12125,https://resources.mandmdirect.com/Images/_default/n/k/1/nk12125_1_large.jpg,Mens|Trainers|Trainers
https://www.awin1.com/pclick.php?p=12449351451&a=305691&m=2606,Nike slip-on trainers with an engineered knit upper that stretches to deliver a sock-like fit  while its adjustable midfoot strap provides a locked-down feel.,Nike Womens Sock Dart Breathe Trainers Pale Grey/Glacier Blue/White,https://images2.productserve.com/?w=200&h=200&bg=white&trim=5&t=letterbox&url=ssl%3Aresources.mandmdirect.com%2FImages%2F_default%2Fn%2Fk%2F1%2Fnk12275_1_large.jpg&feedId=2606&k=6a224ff2fdef9da54e270854afd88b6788cc516f,71.95,M and M Direct IE,GBP71.95,Nike,,119.95,Womens Footwear,12449351451,NK12275,https://resources.mandmdirect.com/Images/_default/n/k/1/nk12275_1_large.jpg,Womens|Trainers|Trainers
https://www.awin1.com/pclick.php?p=3850801177&a=305691&m=2606,Nike Air Zoom trainers ideal for everyday comfort. Complete with moulded leather fingers which integrate with the laces.,Nike Mens Air Zoom Spirimic Trainers Bamboo,https://images2.productserve.com/?w=200&h=200&bg=white&trim=5&t=letterbox&url=ssl%3Aresources.mandmdirect.com%2FImages%2F_default%2Fn%2Fk%2F1%2Fnk11986_1_large.jpg&feedId=2606&k=9e500f07c33d48257e7bcc625978556aa49557b6,71.95,M and M Direct IE,GBP71.95,Nike,,167.95,Mens Footwear,3850801177,NK11986,https://resources.mandmdirect.com/Images/_default/n/k/1/nk11986_1_large.jpg,Mens|Trainers|Trainers
https://www.awin1.com/pclick.php?p=3864759463&a=305691&m=2606,Nike FCSM Spartak Moscow Away three pack football socks.,Nike Mens Three Pack FCSM Spartak Moscow Away Socks White/Red/Medium Grey,https://images2.productserve.com/?w=200&h=200&bg=white&trim=5&t=letterbox&url=ssl%3Aresources.mandmdirect.com%2FImages%2F_default%2Fn%2Fk%2F1%2Fnk11969_1_large.jpg&feedId=2606&k=bb49d74d308afe2229e75987b41b667f67c43aeb,5.95,M and M Direct IE,GBP5.95,Nike,,14.95,Socks & Hosiery,3864759463,NK11969,https://resources.mandmdirect.com/Images/_default/n/k/1/nk11969_1_large.jpg,Mens|Sports Socks|Football Socks
https://www.awin1.com/pclick.php?p=10752978393&a=305691&m=2606,Nike slip-on trainers with an engineered knit upper that stretches to deliver a sock-like fit  while its adjustable midfoot strap provides a locked-down feel.,Nike Mens Sock Dart Trainers Khaki/Cargo Khaki/White,https://images2.productserve.com/?w=200&h=200&bg=white&trim=5&t=letterbox&url=ssl%3Aresources.mandmdirect.com%2FImages%2F_default%2Fn%2Fk%2F1%2Fnk12272_1_large.jpg&feedId=2606&k=4fb0c8ffebfef8413588563446313ea42b7b91b8,71.95,M and M Direct IE,GBP71.95,Nike,,113.95,Mens Footwear,10752978393,NK12272,https://resources.mandmdirect.com/Images/_default/n/k/1/nk12272_1_large.jpg,Mens|Trainers|Trainers
https://www.awin1.com/pclick.php?p=10752978401&a=305691&m=2606,Nike lace-up trainers with classic Air Max visible Air unit in the sole that made it an icon.,Nike Womens Air Max Zero Metallic Gold Qs Trainers Metallic Gold/Metallic Gold/Varsity Red,https://images2.productserve.com/?w=200&h=200&bg=white&trim=5&t=letterbox&url=ssl%3Aresources.mandmdirect.com%2FImages%2F_default%2Fn%2Fk%2F1%2Fnk12223_1_large.jpg&feedId=2606&k=f132f0c12236fca4f0aaf7a54aae0ac5b74c5e30,101.95,M and M Direct IE,GBP101.95,Nike,,137.95,Womens Footwear,10752978401,NK12223,https://resources.mandmdirect.com/Images/_default/n/k/1/nk12223_1_large.jpg,Womens|Trainers|Trainers
https://www.awin1.com/pclick.php?p=10752978411&a=305691&m=2606,Nike Air Shake Ndestrukt trainers  a revival of the original basketball shoes keeping the signature asymmetrical profile.,Nike Mens Air Shake Ndestrukt Trainers White/Black/White,https://images2.productserve.com/?w=200&h=200&bg=white&trim=5&t=letterbox&url=ssl%3Aresources.mandmdirect.com%2FImages%2F_default%2Fn%2Fk%2F1%2Fnk12231_1_large.jpg&feedId=2606&k=6add389e3a8e1fcb2e51d163e0657987b9e0208c,65.95,M and M Direct IE,GBP65.95,Nike,,131.95,Mens Footwear,10752978411,NK12231,https://resources.mandmdirect.com/Images/_default/n/k/1/nk12231_1_large.jpg,Mens|Trainers|Trainers
https://www.awin1.com/pclick.php?p=10752978417&a=305691&m=2606,Nike slip-on trainers with an engineered knit upper that stretches to deliver a sock-like fit  while its adjustable midfoot strap provides a locked-down feel.,Nike Womens Sock Dart Trainers White/Pure Platinum,https://images2.productserve.com/?w=200&h=200&bg=white&trim=5&t=letterbox&url=ssl%3Aresources.mandmdirect.com%2FImages%2F_default%2Fn%2Fk%2F1%2Fnk12269_1_large.jpg&feedId=2606&k=cd4b641257061b9a05e7acb7caf99cbb9bad3fa8,77.95,M and M Direct IE,GBP77.95,Nike,,113.95,Womens Footwear,10752978417,NK12269,https://resources.mandmdirect.com/Images/_default/n/k/1/nk12269_1_large.jpg,Womens|Trainers|Trainers
https://www.awin1.com/pclick.php?p=3868507847&a=305691&m=2606,Nike Air Max Zero Trainers have a bootie inspired construction and sock like upper. The visible Max Air unit delivers a lightweight cushioned experience.,Nike Womens Air Max Zero Si Trainers Oatmeal/Binary Blue/White,https://images2.productserve.com/?w=200&h=200&bg=white&trim=5&t=letterbox&url=ssl%3Aresources.mandmdirect.com%2FImages%2F_default%2Fn%2Fk%2F1%2Fnk12087_1_large.jpg&feedId=2606&k=9ab3cde834f2cc4b6e701e241af2eecae4fcf41a,65.95,M and M Direct IE,GBP65.95,Nike,,131.95,Womens Footwear,3868507847,NK12087,https://resources.mandmdirect.com/Images/_default/n/k/1/nk12087_1_large.jpg,Womens|Trainers|Trainers
https://www.awin1.com/pclick.php?p=8995364029&a=305691&m=2606,Nike football socks. 406484105,Nike Mens FCZ Zenit St Petersburg Home Socks White,https://images2.productserve.com/?w=200&h=200&bg=white&trim=5&t=letterbox&url=ssl%3Aresources.mandmdirect.com%2FImages%2F_default%2Fn%2Fk%2F1%2Fnk12100_1_large.jpg&feedId=2606&k=ca771647468431d873d603dab2aa55a22e5cac97,3.95,M and M Direct IE,GBP3.95,Nike,,14.95,Socks & Hosiery,8995364029,NK12100,https://resources.mandmdirect.com/Images/_default/n/k/1/nk12100_1_large.jpg,Mens|Sports Socks|Football Socks
https://www.awin1.com/pclick.php?p=9073096155&a=305691&m=2606,Nike Air Force 1 mid-cut trainers with a Flyknit technology with integrated areas of breathability  stretch and support for a snug and adaptive fit.,Nike Womens Air Force 1 Flyknit Trainers White/Black,https://images2.productserve.com/?w=200&h=200&bg=white&trim=5&t=letterbox&url=ssl%3Aresources.mandmdirect.com%2FImages%2F_default%2Fn%2Fk%2F1%2Fnk11997_1_large.jpg&feedId=2606&k=cc1d3c68a166996717bb3d7fe6e7074be47512de,95.95,M and M Direct IE,GBP95.95,Nike,,137.95,Womens Footwear,9073096155,NK11997,https://resources.mandmdirect.com/Images/_default/n/k/1/nk11997_1_large.jpg,Womens|Trainers|Hi-Tops
https://www.awin1.com/pclick.php?p=10204057031&a=305691&m=2606,Nike Hyperdunk 2016 basketball trainers with built in Zoom Air cushioning. 844363060,Nike Mens Hyperdunk 2016 Low Trainers Black/Dark Grey/University Red,https://images2.productserve.com/?w=200&h=200&bg=white&trim=5&t=letterbox&url=ssl%3Aresources.mandmdirect.com%2FImages%2F_default%2Fn%2Fk%2F1%2Fnk12140_1_large.jpg&feedId=2606&k=7c231746fefef17605791e2ce6262bef8014da52,77.95,M and M Direct IE,GBP77.95,Nike,,131.95,Mens Footwear,10204057031,NK12140,https://resources.mandmdirect.com/Images/_default/n/k/1/nk12140_1_large.jpg,Mens|Trainers|Trainers
https://www.awin1.com/pclick.php?p=10752978379&a=305691&m=2606,Nike featherweight form-fitting trainers with a breathable Flyknit upper which wraps your foot for a flexable  snug fit.,Nike Womens Air Sock Racer Ultra Flyknit Trainers Black/White/White,https://images2.productserve.com/?w=200&h=200&bg=white&trim=5&t=letterbox&url=ssl%3Aresources.mandmdirect.com%2FImages%2F_default%2Fn%2Fk%2F1%2Fnk12234_1_large.jpg&feedId=2606&k=89c3aa0bb78fd1f816360ca24a0209cb9ad2d4c2,77.95,M and M Direct IE,GBP77.95,Nike,,113.95,Womens Footwear,10752978379,NK12234,https://resources.mandmdirect.com/Images/_default/n/k/1/nk12234_1_large.jpg,Womens|Trainers|Trainers
https://www.awin1.com/pclick.php?p=10752978381&a=305691&m=2606,Nike Air Unlimited hi-top trainers with adjustable velcro straps to provide a personal fit.,Nike Mens Air Unlimited Trainers Black/Slate/Ultramarine/White,https://images2.productserve.com/?w=200&h=200&bg=white&trim=5&t=letterbox&url=ssl%3Aresources.mandmdirect.com%2FImages%2F_default%2Fn%2Fk%2F1%2Fnk12238_1_large.jpg&feedId=2606&k=08c8f5a27f45ba1107a18921bd7ccb7c1ba4eb03,83.95,M and M Direct IE,GBP83.95,Nike,,149.95,Mens Footwear,10752978381,NK12238,https://resources.mandmdirect.com/Images/_default/n/k/1/nk12238_1_large.jpg,Mens|Trainers|Trainers
https://www.awin1.com/pclick.php?p=10752978395&a=305691&m=2606,Nike slip-on trainers with a breathable Flyknit upper and a synthetic midfoot strap for support.,Nike Womens City Knife 3 Flyknit Trainers White/Pure Platinum/Glacier Blue/Racer Pink,https://images2.productserve.com/?w=200&h=200&bg=white&trim=5&t=letterbox&url=ssl%3Aresources.mandmdirect.com%2FImages%2F_default%2Fn%2Fk%2F1%2Fnk12249_1_large.jpg&feedId=2606&k=2d416ac5c189659eb7fbefa715da3555c0c41e07,71.95,M and M Direct IE,GBP71.95,Nike,,143.95,Womens Footwear,10752978395,NK12249,https://resources.mandmdirect.com/Images/_default/n/k/1/nk12249_1_large.jpg,Womens|Trainers|Trainers
https://www.awin1.com/pclick.php?p=11250705521&a=305691&m=2606,Nike Air Max Uptempo 95 hi-top trainers with Air Max cushioning offering the stability and lightweight cushioning that made the original a basketball staple.,Nike Mens Air Max Uptempo 95 Trainers White/White/White,https://images2.productserve.com/?w=200&h=200&bg=white&trim=5&t=letterbox&url=ssl%3Aresources.mandmdirect.com%2FImages%2F_default%2Fn%2Fk%2F1%2Fnk12222_1_large.jpg&feedId=2606&k=908e98ace39976e45c521e885ea6ff4ca9f17806,89.95,M and M Direct IE,GBP89.95,Nike,,137.95,Mens Footwear,11250705521,NK12222,https://resources.mandmdirect.com/Images/_default/n/k/1/nk12222_1_large.jpg,Mens|Trainers|Trainers
https://www.awin1.com/pclick.php?p=12449351435&a=305691&m=2606,Nike Air Max Thea Ultra trainers complete with a Flyknit upper providing breathable support and a sock-like fit.,Nike Womens Air Max Thea Ultra Flyknit Trainers Light Armoury Blue/White/Glacier Blue/Work Blue,https://images2.productserve.com/?w=200&h=200&bg=white&trim=5&t=letterbox&url=ssl%3Aresources.mandmdirect.com%2FImages%2F_default%2Fn%2Fk%2F1%2Fnk12219_1_large.jpg&feedId=2606&k=46862a3fa6dc38df6a2b781d0e31ef1b4ebfe007,89.95,M and M Direct IE,GBP89.95,Nike,,131.95,Womens Footwear,12449351435,NK12219,https://resources.mandmdirect.com/Images/_default/n/k/1/nk12219_1_large.jpg,Womens|Trainers|Trainers
https://www.awin1.com/pclick.php?p=10752978383&a=305691&m=2606,Nike Air Shake Ndestrukt trainers  a revival of the original basketball shoes keeping the signature asymmetrical profile.,Nike Mens Air Shake Ndestrukt Trainers Black/White/Orange,https://images2.productserve.com/?w=200&h=200&bg=white&trim=5&t=letterbox&url=ssl%3Aresources.mandmdirect.com%2FImages%2F_default%2Fn%2Fk%2F1%2Fnk12230_1_large.jpg&feedId=2606&k=920244dc6d11dc54bfa417c86227559320a181e6,71.95,M and M Direct IE,GBP71.95,Nike,,131.95,Mens Footwear,10752978383,NK12230,https://resources.mandmdirect.com/Images/_default/n/k/1/nk12230_1_large.jpg,Mens|Trainers|Trainers
https://www.awin1.com/pclick.php?p=12449351465&a=305691&m=2606,Nike Air Max 90 lace-less trainers.,Nike Womens Air Max 90 Ultra 2.0 Ease Trainers White/Black/Dusted Clay,https://images2.productserve.com/?w=200&h=200&bg=white&trim=5&t=letterbox&url=ssl%3Aresources.mandmdirect.com%2FImages%2F_default%2Fn%2Fk%2F1%2Fnk12209_1_large.jpg&feedId=2606&k=385691345728eb28422f1c9afb40d4616018c167,83.95,M and M Direct IE,GBP83.95,Nike,,143.95,Womens Footwear,12449351465,NK12209,https://resources.mandmdirect.com/Images/_default/n/k/1/nk12209_1_large.jpg,Womens|Trainers|Trainers
https://www.awin1.com/pclick.php?p=3854697501&a=305691&m=2606,Nike football socks with slip reducing cushioning.,Nike Mens Park IV Football Socks Varsity Red/White,https://images2.productserve.com/?w=200&h=200&bg=white&trim=5&t=letterbox&url=ssl%3Aresources.mandmdirect.com%2FImages%2F_default%2Fn%2Fk%2F1%2Fnk11974_1_large.jpg&feedId=2606&k=23efec7fb2690a7cb6e365b1aed6d708a6a9e86b,1.95,M and M Direct IE,GBP1.95,Nike,,8.95,Socks & Hosiery,3854697501,NK11974,https://resources.mandmdirect.com/Images/_default/n/k/1/nk11974_1_large.jpg,Mens|Sports Socks|Football Socks
https://www.awin1.com/pclick.php?p=12449351467&a=305691&m=2606,Nike Free trainers with sock-like fit and moulded cage that wraps around your heel to keep it securely in place as you sprint  squat and lift.,Nike Womens Free TR 7 Trainers White/Metallic/Silver,https://images2.productserve.com/?w=200&h=200&bg=white&trim=5&t=letterbox&url=ssl%3Aresources.mandmdirect.com%2FImages%2F_default%2Fn%2Fk%2F1%2Fnk12255_1_large.jpg&feedId=2606&k=bdc7dda7c10b04836b61dda29a1ad6a3913fed8f,59.95,M and M Direct IE,GBP59.95,Nike,,101.95,Womens Footwear,12449351467,NK12255,https://resources.mandmdirect.com/Images/_default/n/k/1/nk12255_1_large.jpg,Womens|Trainers|Trainers
https://www.awin1.com/pclick.php?p=3872546693&a=305691&m=2606,Nike lace-up trainers featuring a lightweight combination upper for comfort and breathability and a low-profile design with an Air-Sole unit for excellent cushioning. 634835111,Nike Womens Air Huarache Run Trainers Oatmeal/Binary Blue/Lava Glow,https://images2.productserve.com/?w=200&h=200&bg=white&trim=5&t=letterbox&url=ssl%3Aresources.mandmdirect.com%2FImages%2F_default%2Fn%2Fk%2F1%2Fnk12024_1_large.jpg&feedId=2606&k=ea5a6503cf47e673a6222beab0e18f867399e44f,59.95,M and M Direct IE,GBP59.95,Nike,,107.95,Womens Footwear,3872546693,NK12024,https://resources.mandmdirect.com/Images/_default/n/k/1/nk12024_1_large.jpg,Womens|Trainers|Trainers
https://www.awin1.com/pclick.php?p=5784978095&a=305691&m=2606,Nike lace-up trainers offer breathable comfort and promotes natural motion.,Nike Mens Air Footscape Nm Trainers Wold Grey/Black/Summit White,https://images2.productserve.com/?w=200&h=200&bg=white&trim=5&t=letterbox&url=ssl%3Aresources.mandmdirect.com%2FImages%2F_default%2Fn%2Fk%2F1%2Fnk11984_1_large.jpg&feedId=2606&k=c5dc51781a89316cbcf2b25d182b7d07fd5a653e,53.95,M and M Direct IE,GBP53.95,Nike,,131.95,Mens Footwear,5784978095,NK11984,https://resources.mandmdirect.com/Images/_default/n/k/1/nk11984_1_large.jpg,Mens|Trainers|Trainers
https://www.awin1.com/pclick.php?p=3741090225&a=305691&m=2606,Nike brushback fleece over head hoody.,Nike Mens Fundamentals Fleece Hoody Black,https://images2.productserve.com/?w=200&h=200&bg=white&trim=5&t=letterbox&url=ssl%3Aresources.mandmdirect.com%2FImages%2F_default%2Fn%2Fk%2F1%2Fnk11963_1_large.jpg&feedId=2606&k=f1f797acc87b55891b0e10ab65ce8b833fa22e3d,35.95,M and M Direct IE,GBP35.95,Nike,,51.95,Mens Clothing,3741090225,NK11963,https://resources.mandmdirect.com/Images/_default/n/k/1/nk11963_1_large.jpg,Mens|Hoodies And Sweatshirts|OTH Hoody
https://www.awin1.com/pclick.php?p=3741090233&a=305691&m=2606,Nike brushback fleece over head hoody.,Nike Mens Fundamentals Fleece Hoody Navy,https://images2.productserve.com/?w=200&h=200&bg=white&trim=5&t=letterbox&url=ssl%3Aresources.mandmdirect.com%2FImages%2F_default%2Fn%2Fk%2F1%2Fnk11965_1_large.jpg&feedId=2606&k=19b6740b6ff4b9c3c138f6ad242344cd11a22c47,35.95,M and M Direct IE,GBP35.95,Nike,,51.95,Mens Clothing,3741090233,NK11965,https://resources.mandmdirect.com/Images/_default/n/k/1/nk11965_1_large.jpg,Mens|Hoodies And Sweatshirts|OTH Hoody
https://www.awin1.com/pclick.php?p=10752978371&a=305691&m=2606,Nike lace-up trainers with classic Air Max visible Air unit in the sole that made it an icon.,Nike Womens Air Max Zero Silver Bullet Qs Trainers Metallic Silver/Metallic Silver/Varsity Red,https://images2.productserve.com/?w=200&h=200&bg=white&trim=5&t=letterbox&url=ssl%3Aresources.mandmdirect.com%2FImages%2F_default%2Fn%2Fk%2F1%2Fnk12224_1_large.jpg&feedId=2606&k=62abbe3dca30fb22170e26a1c72b64eb5cfcbc6b,101.95,M and M Direct IE,GBP101.95,Nike,,137.95,Womens Footwear,10752978371,NK12224,https://resources.mandmdirect.com/Images/_default/n/k/1/nk12224_1_large.jpg,Womens|Trainers|Trainers
https://www.awin1.com/pclick.php?p=10752978391&a=305691&m=2606,Nike Air Unlimited hi-top trainers with adjustable velcro straps to provide a personal fit.,Nike Womens Air Unlimited Trainers Light Bone/Gum,https://images2.productserve.com/?w=200&h=200&bg=white&trim=5&t=letterbox&url=ssl%3Aresources.mandmdirect.com%2FImages%2F_default%2Fn%2Fk%2F1%2Fnk12237_1_large.jpg&feedId=2606&k=da1b25f06aadcbe9edc37f0e450a2b963a95fb5a,77.95,M and M Direct IE,GBP77.95,Nike,,149.95,Womens Footwear,10752978391,NK12237,https://resources.mandmdirect.com/Images/_default/n/k/1/nk12237_1_large.jpg,Womens|Trainers|Trainers
https://www.awin1.com/pclick.php?p=12449351469&a=305691&m=2606,Nike Air Presto trainers with a one-piece stretch jersey upper for a sock like fit.,Nike Womens Air Presto Ultra Breathe Trainers White/White,https://images2.productserve.com/?w=200&h=200&bg=white&trim=5&t=letterbox&url=ssl%3Aresources.mandmdirect.com%2FImages%2F_default%2Fn%2Fk%2F1%2Fnk12229_1_large.jpg&feedId=2606&k=dee20723054e97b3d1575f6dc2d6d353d7fa8a76,95.95,M and M Direct IE,GBP95.95,Nike,,134.95,Womens Footwear,12449351469,NK12229,https://resources.mandmdirect.com/Images/_default/n/k/1/nk12229_1_large.jpg,Womens|Trainers|Trainers
https://www.awin1.com/pclick.php?p=12449378955&a=305691&m=2606,Nike Air Max trainers with a Flyknit upper and leather overlays allowing for added breathability and support.,Nike Mens Air Max 90 Ultra 2.0 Flyknit Trainers Black/Black/White/Black,https://images2.productserve.com/?w=200&h=200&bg=white&trim=5&t=letterbox&url=ssl%3Aresources.mandmdirect.com%2FImages%2F_default%2Fn%2Fk%2F1%2Fnk12211_1_large.jpg&feedId=2606&k=34ba69aed451cfbe6fdb72ffa69120f01f377dee,107.95,M and M Direct IE,GBP107.95,Nike,,149.95,Mens Footwear,12449378955,NK12211,https://resources.mandmdirect.com/Images/_default/n/k/1/nk12211_1_large.jpg,Mens|Trainers|Trainers
https://www.awin1.com/pclick.php?p=12449378961&a=305691&m=2606,Nike slip-on trainers with a breathable Flyknit upper and a synthetic midfoot strap for support.,Nike Womens City Knife 3 Flyknit Trainers Black/White,https://images2.productserve.com/?w=200&h=200&bg=white&trim=5&t=letterbox&url=ssl%3Aresources.mandmdirect.com%2FImages%2F_default%2Fn%2Fk%2F1%2Fnk12248_1_large.jpg&feedId=2606&k=8eb3d2cf86ecd79ad07c1a124f3d8d1915b997ad,89.95,M and M Direct IE,GBP89.95,Nike,,143.95,Womens Footwear,12449378961,NK12248,https://resources.mandmdirect.com/Images/_default/n/k/1/nk12248_1_large.jpg,Womens|Trainers|Trainers
https://www.awin1.com/pclick.php?p=10204057011&a=305691&m=2606,Nike Air Sock Racer slip-on trainers with a sock-like feel. 875837001,Nike Mens Air Sock Racer Trainers Black/Tour Yellow/White/Black,https://images2.productserve.com/?w=200&h=200&bg=white&trim=5&t=letterbox&url=ssl%3Aresources.mandmdirect.com%2FImages%2F_default%2Fn%2Fk%2F1%2Fnk12130_1_large.jpg&feedId=2606&k=2121d18ea0197b504c7d35c30faa84ab06f5efd2,53.95,M and M Direct IE,GBP53.95,Nike,,95.95,Mens Footwear,10204057011,NK12130,https://resources.mandmdirect.com/Images/_default/n/k/1/nk12130_1_large.jpg,Mens|Trainers|Trainers
https://www.awin1.com/pclick.php?p=10204057025&a=305691&m=2606,Nike slip-on trainers with an engineered knit upper that stretches to deliver a sock-like fit  while its adjustable midfoot strap provides a locked-down feel.  848475003,Nike Womens Sock Dart Trainers Black,https://images2.productserve.com/?w=200&h=200&bg=white&trim=5&t=letterbox&url=ssl%3Aresources.mandmdirect.com%2FImages%2F_default%2Fn%2Fk%2F1%2Fnk12154_1_large.jpg&feedId=2606&k=32819863f57d4237ffd9e7e0dbb82bdf00456d87,77.95,M and M Direct IE,GBP77.95,Nike,,113.95,Womens Footwear,10204057025,NK12154,https://resources.mandmdirect.com/Images/_default/n/k/1/nk12154_1_large.jpg,Womens|Trainers|Trainers
https://www.awin1.com/pclick.php?p=10752978387&a=305691&m=2606,Nike slip-on trainers with an engineered knit upper that stretches to deliver a sock-like fit  while its adjustable midfoot strap provides a locked-down feel.,Nike Mens Sock Dart Trainers Black/White,https://images2.productserve.com/?w=200&h=200&bg=white&trim=5&t=letterbox&url=ssl%3Aresources.mandmdirect.com%2FImages%2F_default%2Fn%2Fk%2F1%2Fnk12270_1_large.jpg&feedId=2606&k=28dcd81ab58a167fb02e21092e35fe7c43ad23e7,83.95,M and M Direct IE,GBP83.95,Nike,,113.95,Mens Footwear,10752978387,NK12270,https://resources.mandmdirect.com/Images/_default/n/k/1/nk12270_1_large.jpg,Mens|Trainers|Trainers
https://www.awin1.com/pclick.php?p=12449351439&a=305691&m=2606,Nike Air Max Thea Ultra trainers complete with a Flyknit upper providing breathable support and a sock-like fit.,Nike Womens Air Max Thea Ultra Flyknit Trainers Pure Platinum/White/Wolf Grey/Pure Platinum,https://images2.productserve.com/?w=200&h=200&bg=white&trim=5&t=letterbox&url=ssl%3Aresources.mandmdirect.com%2FImages%2F_default%2Fn%2Fk%2F1%2Fnk12218_1_large.jpg&feedId=2606&k=53d9f84275bceddcba64dad1f6d74519ef94ed90,89.95,M and M Direct IE,GBP89.95,Nike,,131.95,Womens Footwear,12449351439,NK12218,https://resources.mandmdirect.com/Images/_default/n/k/1/nk12218_1_large.jpg,Womens|Trainers|Trainers
https://www.awin1.com/pclick.php?p=12449351443&a=305691&m=2606,Nike Air Presto trainers with a one-piece stretch jersey upper for a sock like fit.,Nike Womens Air Presto Premium Trainers Light Bone/Light Bone/White,https://images2.productserve.com/?w=200&h=200&bg=white&trim=5&t=letterbox&url=ssl%3Aresources.mandmdirect.com%2FImages%2F_default%2Fn%2Fk%2F1%2Fnk12226_1_large.jpg&feedId=2606&k=3f6b2f7a008db625a28354b59acb92dac02be4c5,89.95,M and M Direct IE,GBP89.95,Nike,,131.95,Womens Footwear,12449351443,NK12226,https://resources.mandmdirect.com/Images/_default/n/k/1/nk12226_1_large.jpg,Womens|Trainers|Trainers
https://www.awin1.com/pclick.php?p=12449351447&a=305691&m=2606,Nike Air Zoom lace-up trainers that delivery lightweight  performance-inspired comfort in a sleek  everyday style.,Nike Mens Air Zoom LWP 16 SP Trainers Cool Grey/White/Dark Grey,https://images2.productserve.com/?w=200&h=200&bg=white&trim=5&t=letterbox&url=ssl%3Aresources.mandmdirect.com%2FImages%2F_default%2Fn%2Fk%2F1%2Fnk12240_1_large.jpg&feedId=2606&k=15409c26be57029f81ea6b470f1775c52a4301f5,77.95,M and M Direct IE,GBP77.95,Nike,,143.95,Mens Footwear,12449351447,NK12240,https://resources.mandmdirect.com/Images/_default/n/k/1/nk12240_1_large.jpg,Mens|Trainers|Trainers
https://www.awin1.com/pclick.php?p=11869335099&a=305691&m=2606,Nike FCSM Spartak Moscow Home three pack socks.,Nike Mens FCSM Spartak Moscow Home Socks Red/White/Medium Grey,https://images2.productserve.com/?w=200&h=200&bg=white&trim=5&t=letterbox&url=ssl%3Aresources.mandmdirect.com%2FImages%2F_default%2Fn%2Fk%2F1%2Fnk11970_1_large.jpg&feedId=2606&k=4b0a067e7df15a5d2cec761929bbdb0ebaf78859,7.95,M and M Direct IE,GBP7.95,Nike,,14.95,Socks & Hosiery,11869335099,NK11970,https://resources.mandmdirect.com/Images/_default/n/k/1/nk11970_1_large.jpg,Mens|Sports Socks|Football Socks
https://www.awin1.com/pclick.php?p=12449351455&a=305691&m=2606,Nike Air Footscape trainers promoting natural motion and breathability.,Nike Mens Air Footscape Nm Jacquard Trainers Black/Black/White,https://images2.productserve.com/?w=200&h=200&bg=white&trim=5&t=letterbox&url=ssl%3Aresources.mandmdirect.com%2FImages%2F_default%2Fn%2Fk%2F1%2Fnk12192_1_large.jpg&feedId=2606&k=8ccbec75cf449bcb631bf223696f49a18578a2ea,77.95,M and M Direct IE,GBP77.95,Nike,,149.95,Mens Footwear,12449351455,NK12192,https://resources.mandmdirect.com/Images/_default/n/k/1/nk12192_1_large.jpg,Mens|Trainers|Trainers
https://www.awin1.com/pclick.php?p=10362579539&a=305691&m=2606,Nike lace-up trainers with Flyknit fabric to allow a natural snug fit that flexes with every movement.  881175001,Nike Womens Air Max Thea Flyknit Trainers Black/White,https://images2.productserve.com/?w=200&h=200&bg=white&trim=5&t=letterbox&url=ssl%3Aresources.mandmdirect.com%2FImages%2F_default%2Fn%2Fk%2F1%2Fnk12122_1_large.jpg&feedId=2606&k=6db7ac8090dcc6edc07f2be444b9bcd1eb2911c0,107.95,M and M Direct IE,GBP107.95,Nike,,131.95,Womens Footwear,10362579539,NK12122,https://resources.mandmdirect.com/Images/_default/n/k/1/nk12122_1_large.jpg,Womens|Trainers|Trainers
https://www.awin1.com/pclick.php?p=12449351471&a=305691&m=2606,Nike slip-on trainers with an engineered knit upper that stretches to deliver a sock-like fit  while its adjustable midfoot strap provides a locked-down feel.,Nike Mens Sock Dart Trainers White/White/Black/White,https://images2.productserve.com/?w=200&h=200&bg=white&trim=5&t=letterbox&url=ssl%3Aresources.mandmdirect.com%2FImages%2F_default%2Fn%2Fk%2F1%2Fnk12271_1_large.jpg&feedId=2606&k=127c931db8a9118b500f41eec0dc5ca9bac5cf8b,71.95,M and M Direct IE,GBP71.95,Nike,,113.95,Mens Footwear,12449351471,NK12271,https://resources.mandmdirect.com/Images/_default/n/k/1/nk12271_1_large.jpg,Mens|Trainers|Trainers
https://www.awin1.com/pclick.php?p=16845923593&a=305691&m=2606,Nike Air Max 90 lightweight fashionably styled all white trainers.,Nike Womens Air Max 90 Ultra 2.0 Trainers White/Black/Metallic Platinum,https://images2.productserve.com/?w=200&h=200&bg=white&trim=5&t=letterbox&url=ssl%3Aresources.mandmdirect.com%2FImages%2F_default%2Fn%2Fk%2F1%2Fnk12206_1_large.jpg&feedId=2606&k=28022265e51f9799e8751e3218dbff99ca265169,101.95,M and M Direct IE,GBP101.95,Nike,,125.95,Womens Footwear,16845923593,NK12206,https://resources.mandmdirect.com/Images/_default/n/k/1/nk12206_1_large.jpg,Womens|Trainers|Trainers
https://www.awin1.com/pclick.php?p=16845923601&a=305691&m=2606,Nike low profile trainers offering both breathability and support.,Nike Womens Loden Pinnacle Trainers Silt Red/Black/Sail,https://images2.productserve.com/?w=200&h=200&bg=white&trim=5&t=letterbox&url=ssl%3Aresources.mandmdirect.com%2FImages%2F_default%2Fn%2Fk%2F1%2Fnk12264_1_large.jpg&feedId=2606&k=5ad8cdb85f265d30d5d5e5b0925e9eb5d6c9b318,65.95,M and M Direct IE,GBP65.95,Nike,,95.95,Womens Footwear,16845923601,NK12264,https://resources.mandmdirect.com/Images/_default/n/k/1/nk12264_1_large.jpg,Womens|Trainers|Trainers
https://www.awin1.com/pclick.php?p=16845923603&a=305691&m=2606,Nike Air Jordan basketball inspired hi-top trainers.,Nike Junior AIR Jordan 4 Retro PURE MONEY Trainers,https://images2.productserve.com/?w=200&h=200&bg=white&trim=5&t=letterbox&url=ssl%3Aresources.mandmdirect.com%2FImages%2F_default%2Fn%2Fk%2F1%2Fnk12197_1_large.jpg&feedId=2606&k=9b4ead3e3f13ecfd0cf4df5be740087730388cf9,53.95,M and M Direct IE,GBP53.95,Nike,,65.95,Childrens Footwear,16845923603,NK12197,https://resources.mandmdirect.com/Images/_default/n/k/1/nk12197_1_large.jpg,Boys|Trainers|Trainers
https://www.awin1.com/pclick.php?p=16845923605&a=305691&m=2606,Nike Air Jordan basketball inspired hi-top trainers.,Nike Infant AIR Jordan 4 Retro PURE MONEY Trainers,https://images2.productserve.com/?w=200&h=200&bg=white&trim=5&t=letterbox&url=ssl%3Aresources.mandmdirect.com%2FImages%2F_default%2Fn%2Fk%2F1%2Fnk12198_1_large.jpg&feedId=2606&k=b021752b8b790badab551f7cc0abe9942d0c17be,38.95,M and M Direct IE,GBP38.95,Nike,,47.95,Childrens Footwear,16845923605,NK12198,https://resources.mandmdirect.com/Images/_default/n/k/1/nk12198_1_large.jpg,Boys|Trainers|Trainers
https://www.awin1.com/pclick.php?p=16845923625&a=305691&m=2606,Nike slip-on trainers with an elastic engineered knit upper that stretches to deliver a sock-like fit  while its adjustable midfoot strap provides a locked-down feel.,Nike Mens Sock Dart Trainers Squadron Blue/Anthracite/White/Glacier Blue,https://images2.productserve.com/?w=200&h=200&bg=white&trim=5&t=letterbox&url=ssl%3Aresources.mandmdirect.com%2FImages%2F_default%2Fn%2Fk%2F1%2Fnk12273_1_large.jpg&feedId=2606&k=46ce80d867078096918f581f26c084353bb02d3c,77.95,M and M Direct IE,GBP77.95,Nike,,113.95,Mens Footwear,16845923625,NK12273,https://resources.mandmdirect.com/Images/_default/n/k/1/nk12273_1_large.jpg,Mens|Trainers|Trainers
